,Title,Id,Upvotes,comments
0,ðŸ“¢ Tata Consultancy Services is hiring a UI Developer!,108cndf,1,0
1,"Junior Developer ~ Tata Consultancy Services ~ Riyadh, Saudi Arabia | Gulf Tech Jobs",10a01up,1,0
2,Tata Consultancy Services with the most obvious white label ever,y13m8r,25,25
3,ðŸ“¢ Tata Consultancy Services is hiring a Dotnet Developer!,10145se,1,0
4,FDA Developer ~ Tata Consultancy Services ~ Riyadh | Gulf Tech Jobs,105vj30,1,0
5,"Software Developer ~ Tata Consultancy Services ~ Eastern, Saudi Arabia | Gulf Tech Jobs",10a0aix,1,0
6,AEM Developer ~Tata Consultancy Services ~ Riyadh | Gulf Tech Jobs,105visi,1,0
7,ðŸ“¢ Tata Consultancy Services is hiring a PowerBI Developer!,104xf7d,1,0
8,ðŸ“¢ Tata Consultancy Services is hiring a Full Stack Developer!,101orxt,1,0
9,TATA CONSULTANCY SERVICES Java Full Stack Developer Proficiency test,znifao,0,1
10,ðŸ“¢ Tata Consultancy Services is hiring a .NET Developer!,yzwzv7,1,0
11,ðŸ“¢ Tata Consultancy Services is hiring a .Net Developer!,yzwyhy,1,0
12,Tata Consultancy Services Based Online Internship for Fresher's,zgs723,1,0
13,Good News for Tata Consultancy Services Share Holder TCS announced dividend 2022 quarter 2 Â» How Trending,y0wv1i,1,0
14,ðŸ“¢ Tata Consultancy Services is hiring a ServiceNow Developer!,zxe09e,1,0
15,ðŸ“¢ Tata Consultancy Services Limited is hiring a System Administrator!,z15xuh,1,0
16,TATA CONSULTANCY SERVICES Java Full Stack Developer Proficiency test,znigpg,0,1
17,ðŸ“¢ Tata Consultancy Services is hiring a AS400 Production Support!,yvq4gs,1,0
18,Tata Consultancy Services joins WiseTech Global CargoWise Service Partner programme,yfgh0c,1,0
19,"Top 15 des tendances du marchÃ© La transition du centre dâ€™appels en Inde 2021 | Genpact, Tata Consultancy Services BPO, Wipro BPO, Infosys BPO, WNS Global Services, EXL Service, Aegis Limited, Firstsource Solutions Limited, Hinduja Global Solutions and HCL Technologies BPO Services Limited.",y9lo1z,1,0
20,University of Sydney partners with Tata Consultancy Services - University of Sydney,x6zynk,1,0
21,"TCS is Indiaâ€™s most valuable brand. According to the Kantar BrandZ India rankings, India's top IT service provider Tata Consultancy Services TCS is the most valuable Indian brand in 2022.",xebrnb,1,0
22,Has anyone heard of Tata Consultancy Services (TCS)?,vtkj7d,15,17
23,ðŸ“¢ Tata Consultancy Services is hiring a Guidewire Developer!\,xysn4k,1,0
24,"TCS, 11 other companies drag Tata Steel market value down. A 20 percent correction in IT major Tata Consultancy Services TCS along with 11 other group companies dragged the group's market capitalisation on a year-to-date YTD basis until September 29.",xrwk4q,1,0
25,TCS= TATA CONSULTANCY SERVICES.,v6tpx1,19,10
26,Tata Consultancy Services said all experienced hires will be given an increase as part of the annual salary appraisal that follows their one-year anniversary. #tata #ratantata,x48i2e,1,0
27,Tata Consultancy Services,x1ru62,1,0
28,cÃ³mo es trabajar en tata consultancy services? es que quiero empezar como developer pero la entrevista tÃ©cnica fue muy corta y sencilla y me da desconfianza de no aprender bien y no poder salir adelante despuÃ©s o estancarme,wlfzc5,1,0
29,Name and Shame - Tata Consultancy Services,eu88if,1107,279
30,"Campus Drive for TATA Consultancy Services Date: 11th July, 2022 #DronacharyaGroupofInstitutions #bestengineeringcollegeindelhincr #bestengineeringcollegeingreaterNoida #topplacementcollegeindelhincr #greaternoida #campusdrive #delhincr #jee2022 #bestplacementcollegeindelhincr #multipleplacement",vwcy45,1,0
31,Opiniones de Tata consultancy services?,sdilsw,6,27
32,Earn Money To Advice â€“ Tata Consultancy Services Limited Stock | ForexWin,wc0dnq,1,0
33,"Service Delivery Platform Market In-Depth Analysis including key players Telenity, Oracle Corporations, Tata Consultancy Services Ltd.",ux8p68,3,1
34,Tata Consultancy Services Ltd Share Price,v0t4c4,1,0
35,"My work is being outsourced to Tata Consultancy Services, and I have an offer to go along with it",pin58a,6,5
36,"Green Information Technology Service Market Statistical Forecast, Trade Analysis 2022 â€“, SustainableIT, Accenture, GreenIT, Cap Gemini, BT Global Services, Deloitte Touche Tohmatsu, Hewlett-Packard, Computer Sciences, IBM, Dell, Tata Consultancy Services",uvmtgs,1,0
37,"Custom Application Development Market Report Covers Future Trends With Research 2022 to 2029 - Infosys, Tata Consultancy Services, Capgemini SE",stsh7o,1,0
38,Quitting Tata Consultancy Services,ozt188,11,28
39,"Business-Outcome-Driven Enterprise Architecture Consulting and Solutions Market 2022 Rising Trends, Business Opportunity And key Companies - Tata Consultancy Services (TCS), Accenture, Glue Reply, Slalom Consulting - VIV Online",tl3uch,1,0
40,Tata Consultancy Services Limited Bottom Line Rises In Q4,u198h8,1,0
41,"Job at Tata Consultancy Services Starts Next Week, still missing information",lfh5y7,9,12
42,"Tata Consultancy Services Gann & Option Chain Analysis April 12, 2021",mp9wti,5,4
43,Rebound from TATA Consultancy Services,p9pbmt,0,10
44,"Microservices Architecture Market Set to Witness Explosive Growth by 2029 | Tata Consultancy Services Limited, IBM Corporation, Microsoft Corporation",sls2ge,1,0
45,"Which companies to apply for internships.....Tata Consultancy Services Internship (Quantum Computing, AI/ML and Data Analysis) Program? Should I apply? (details below)",p0lzwo,9,7
46,Will taking an offer at Tata Consultancy Services limit my career growth?,hqjl4f,28,42
47,Tata consultancy services gpa requirement,oux9sf,0,8
48,What is TCS (Tata Consultancy Services) recruitment process like in the U.S,i19hpj,17,23
49,"USD 3.29 bn Growth in Blockchain Technology Market in BFSI Sector | Evolving Opportunities with Accenture Plc, Oracle Corp. & Tata Consultancy Services Ltd",rfbr1b,1,0
50,Tata Consultancy Services Entry Level Software Developer,oxgz26,2,6
51,Agiloft Partners With Tata Consultancy Services,rg8628,1,0
52,"SmartMessage, Tata Consultancy Servicesâ€™i yÄ±lÄ±n iÅŸ ortaÄŸÄ± seÃ§ti - TechnoLogic",s15v2r,1,0
53,Mechanical Engineering position with TCS (Tata Consultancy Services)?,qlc3wq,1,0
54,TCS (Tata Consultancy Services) Mechanical Engineering Position,qlc3e7,2,3
55,Can I work from abroad in Work from Home mode . (Tata consultancy Services - India),qhjq25,0,2
56,TCS - Tata Consultancy Services - Trend Analysis,p3vzqu,1,0
57,Anyone have experience w Tata Consultancy Services?,jflitt,7,32
58,Questions regarding Tata Consultancy Services,ke058o,5,19
59,Thoughts on Tata Consultancy Services and My Career Goals,kxas3u,6,6
60,TCS(Tata Consultancy Services) Recruitment Question,mvwjjo,3,3
61,TCS 2021 recruitment Tata consultancy services jobs,pbyukm,1,0
62,Big Update on Work from office. Tata Consultancy Services..,q7ao9w,1,0
63,Converge ICT partners with Tata Consultancy Services (TCS) to enhance the customer experience,oj3rvl,3,0
64,A US grand jury has slapped two companies of India's Tata group - Tata Consultancy Services and Tata America International Corp - with a $940 million fine in a trade secret lawsuit filed against them.,4f1h9m,241,99
65,Tata consultancy services jobs 2021,mdoo6w,1,0
66,Tata Consultancy Services Valuation Excel Model and Intrinsic Value of Shares,lthocs,7,2
67,Should I work for Tata Consultancy Services as a new grad?,ky24fz,2,16
68,"Virgin out, Tata Consultancy Services in as London Marathon title sponsor",nv5vcs,1,0
69,[Business] - Tata Consultancy Services reports 15% rise in March-quarter profit | Times of India,mpepet,1,0
70,TATA Consultancy Services and more #TATA #consultancy #services #leader,pbxut8,1,1
71,"@NevadaITSolutio : The global IT service company Tata Consultancy Services (TCS) announced that the ninth season of its TCS CodeVita won a Guinness World Record for being the world&rsquo;s largest computer programming competition totaling 136,054 https://t.co/FVrvrZitPD",no6mdw,1,0
72,TCS (Tata Consultancy Services) BaNCS payment system can now seamlessly connect to Ripplenet,ba2onj,63,17
73,Should I take job with TCS tata consultancy services?,lrtgdz,10,10
74,Tata Consultancy Services GPA,iyotui,3,5
75,[Business] - Tata Consultancy Services reports 15% rise in March-quarter profit,mpeb6h,1,0
76,TCS (Tata Consultancy Services) Review - and WITCH in general,eweh64,11,10
77,Tata Consultancy Services Valuation Excel Model and Intrinsic Value of Shares,ltho5v,2,0
78,TATA Consultancy Services experience,cw6bn2,17,49
79,Tata Consultancy Services: Recruiters in New Delhi,c5b7ls,32,17
80,Indiaâ€™s Tata Consultancy Services faces US jury over why it fires so many Americans,9ujzy4,107,36
81,"@NevadaITSolutio : The global IT service company Tata Consultancy Services (TCS) announced that the ninth season of its TCS CodeVita won a Guinness World Record for being the world&rsquo;s largest computer programming competition totaling 136,054 https://t.co/FVrvrZitPD",noyaqc,1,0
82,"Global Blockchain Market Report 2021-2026 Featuring Accenture, Deloitte, Fundchain, Global Blockchain Business Council, Intel, Japan Exchange Group, and Tata Consultancy Services",ogvhy3,1,0
83,"Tata Consultancy Services, societÃ  indiana di IT, sarÃ  il nuovo Title Sponsor della maratona di Londra fino al 2027, andando a sostituire Virgin Money.",nvrt59,1,0
84,"Tata Consultancy Services to Recruit 1,500 Tech Staff in UK over Next Year",lgocuk,1,0
85,Should I take job with TCS tata consultancy services?,lrtftb,1,2
86,Tata Consultancy Services selected as tech provider for SA payment platform,lkztyg,1,0
87,[Business] - Tata Consultancy Services agrees to buy Donegal-based Pramerica | Irish Times,jsx0n5,1,0
88,[Business] - Tata Consultancy Services opens hiring test to other firms | The Hindu,jb8n5y,1,0
89,"Got job at Tata Consultancy services, start date delayed (covid)",g7g6kv,3,10
90,"Mobile Digital Banking Market SWOT Analysis 2021, by Leading Players: Ally Financial Inc, Capital Banking Solution, ACI Worldwide, Microsoft Corporation, Technisys, Digiliti Money, Fiserv, Urban FT, CR2, Oracle, Temenos Headquarters SA, JPMorgan Chase & Co, Tata Consultancy Services - SoccerNurds",n63fd3,1,0
91,What should I expect TCS (Tata Consultancy Services)?,c5jh5u,9,17
92,[Business] - Tata Consultancy Services agrees to buy Donegal-based Pramerica,jswrpk,1,0
93,Tata Consultancy Services Valuation Excel Model and Intrinsic Value of Shares,lthog6,3,0
94,Should I work for TCS (Tata Consultancy Services) as an entry level software engineer?,aoepeg,6,4
95,Anyone been TUPE OVER TO Tata Consultancy services?,f2t0so,0,4
96,"Indiaâ€™s Tech Giant, Tata Consultancy Services (TCS), to Launch â€˜Quartzâ€™ Crypto Trading Solution For Institutions",hnpb9t,1,0
97,Tata Consultancy Services has created a new B.Tech course in our college in Pune. Should I take that?,9b8kce,4,20
98,Accepted my first job out of college! 70k and with Tata Consultancy Services. Good move?,apyj32,9,22
99,Name and Shame - Tata Consultancy Services,eubfie,1,2
